county,mean,95% CI - Low,95% CI - High,Z-Score,sd,n
Fairfield,3.1,3.0,3.2,-0.47,46.51242485,948053
Hartford,3.4,3.3,3.5,0.86,49.19630952,895841
Litchfield,3.1,2.9,3.3,-0.42,33.43688744,183603
Middlesex,2.9,2.8,3.1,-1.12,28.60988707,164063
New Haven,3.5,3.4,3.6,1.21,52.1296565,859470
New London,3.1,3.0,3.2,-0.47,31.65215424,271863
Tolland,3.0,2.8,3.1,-0.99,28.82345715,151420
Windham,3.5,3.4,3.7,1.40,26.8621015,116573